,지역,학교명,S_i(2025),T_i (2025),B_i(2025),D_i(2025),X_i(2025),SCR(2025),폐교위험등급
16,충청북도 단양군,가곡초등학교보발분교장,2.273525201433554,1.5568427638342075,-1.632472272074563,0.4867872556492776,-0.8410284676547161,1.0241609689687339,위험
56,충청북도 옥천군,군남초등학교,0.32743856271752203,-0.20359093935012404,-1.2722188700334345,3.504224435121983,-0.670146940689214,0.8858517313544435,위험
35,충청북도 보은군,수한초등학교,0.17328207807612758,0.06688010481058224,-1.355354270504464,2.2654870667068727,-0.7677935275266438,0.8456456738758911,위험
37,충청북도 보은군,탄부초등학교,-0.06367456952361539,-0.14441192692856927,-1.355354270504464,2.2654870667068727,-0.7949175794259298,0.8375539150883865,위험
68,충청북도 옥천군,청산초등학교,1.2701017212725896,-0.4732076219671559,-1.2722188700334345,0.4073810140842063,-0.7623687171467866,0.8203901690412088,위험
31,충청북도 보은군,산외초등학교,0.9281542632009139,0.5320105642388332,-1.355354270504464,-0.6249001262617193,-0.8057672001856442,0.7334796151476284,위험
101,충청북도 제천시,수산초등학교,1.3415729385851616,0.664405154617183,-0.3992971650876227,-0.6249001262617193,-0.8030547949957155,0.7332526970304496,위험
46,충청북도 영동군,심천초등학교,0.4201594223238628,-0.06131334079006769,-1.0089567685418401,0.4073810140842063,-0.7922051742360011,0.7276113309096929,위험
36,충청북도 보은군,종곡초등학교,-0.14777610852033873,-0.09418526307089996,-1.355354270504464,1.3020246690506752,-0.7569439067669294,0.7219044841020337,위험
20,충청북도 단양군,대가초등학교,0.0732892975865685,0.6187812539070914,-1.632472272074563,0.4867872556492776,-0.7894927690460726,0.721480886550613,위험
52,충청북도 영동군,초강초등학교,0.3359281873889658,-0.18768362705596345,-1.0089567685418401,0.4073810140842063,-0.7813555534762867,0.7093663671477195,위험
15,충청북도 단양군,가곡초등학교대곡분교장,0.06507230551578812,-1.7929505228814997,-1.632472272074563,0.4867872556492776,-0.773218337906501,0.7082890241474407,위험
27,충청북도 보은군,관기초등학교,0.34069665473284627,0.179740347470641,-1.355354270504464,0.338562271394478,-0.7596563119568579,0.7054785277723664,위험
19,충청북도 단양군,단천초등학교,0.1356958565302086,0.11215468085261283,-1.632472272074563,0.4867872556492776,-0.7542315015770007,0.7025237230220459,위험
50,충청북도 영동군,용화초등학교,0.9039633671059358,0.04692452573998418,-1.0089567685418401,-0.6249001262617193,-0.7867803638561439,0.6990167052709748,주의
24,충청북도 단양군,어상천초등학교,0.6480143916379367,1.6017709729938745,-1.632472272074563,-0.6249001262617193,-0.7813555534762867,0.695409995606558,주의
47,충청북도 영동군,양강초등학교,0.37618741070184847,0.35189437878363106,-1.0089567685418401,0.4073810140842063,-0.7542315015770007,0.6938544350208009,주의
25,충청북도 단양군,영춘초등학교,0.9349281884824043,0.3376605982336953,-1.632472272074563,-0.6249001262617193,-0.7271074496777147,0.6891535733789651,주의
58,충청북도 옥천군,동이초등학교,-0.3284679923843194,-0.558178288200837,-1.2722188700334345,1.4396621544301318,-0.7298198548676433,0.6867326479206964,주의
12,충청북도 괴산군,청천초등학교,-0.02298140949239792,-0.47622516248859975,-1.8818784734876524,0.4073810140842063,-0.7433818808172863,0.6814630462749962,주의
4,충청북도 괴산군,문광초등학교,-0.3513215151679115,-0.0045359336102685655,-1.8818784734876524,1.4396621544301318,-0.683708966638857,0.6798900391877866,주의
40,충청북도 보은군,회남초등학교,0.4039218237421799,0.8556417851636883,-1.355354270504464,-0.6249001262617193,-0.8084796053755727,0.6726060263050267,주의
263,충청북도 충주시,충주예성초등학교,0.26504596569776057,0.024621077021468273,-0.08061146328200819,3.2810285128850265,-0.4965530085337834,0.6707331264789713,주의
44,충청북도 영동군,부용초등학교,0.40318159982934854,0.29977033747582515,-1.0089567685418401,2.4719432947760573,-0.4938406033438548,0.6669655464965896,주의
32,충청북도 보은군,세중초등학교,0.5088948610204087,0.3314875735773078,-1.355354270504464,-0.6249001262617193,-0.7840679586662154,0.6668940557463963,주의
34,충청북도 보은군,수정초등학교,0.7392477800077899,0.1284144725637055,-1.355354270504464,-0.6249001262617193,-0.7433818808172863,0.6640218476381852,주의
38,충청북도 보은군,판동초등학교,0.049737400076329534,0.02858422057794759,-1.355354270504464,0.338562271394478,-0.746094286007215,0.6603918977513522,주의
21,충청북도 단양군,대강초등학교,-0.22989767595682814,0.010022375923013261,-1.632472272074563,0.4867872556492776,-0.7433818808172863,0.6505152835538157,주의
66,충청북도 옥천군,증약초등학교,0.6083757290579191,0.2875230034270052,-1.2722188700334345,-0.6249001262617193,-0.7406694756273577,0.6421261276082029,주의
54,충청북도 영동군,학산초등학교,0.5739906524571606,0.1477866242546541,-1.0089567685418401,-0.6249001262617193,-0.7623687171467866,0.6411112444811036,주의
61,충청북도 옥천군,안남초등학교,0.28819713590540014,0.7646817980704146,-1.2722188700334345,-0.6249001262617193,-0.7894927690460726,0.6403221664939366,주의
57,충청북도 옥천군,군서초등학교,0.4081009818715448,0.7886272394166224,-1.2722188700334345,-0.6249001262617193,-0.7650811223367151,0.6364018929778559,주의
1,충청북도 괴산군,괴산명덕초등학교,0.5727231203242886,0.3359986265109253,-1.8818784734876524,1.4396621544301318,-0.4775661722042832,0.6361682996209201,주의
48,충청북도 영동군,양산초등학교,0.48959829013402784,0.3996319983812264,-1.0089567685418401,-0.6249001262617193,-0.7677935275266438,0.6350527687872206,주의
69,충청북도 옥천군,청성초등학교,-0.5032683684787458,-1.2880132958362778,-1.2722188700334345,0.4073810140842063,-0.7922051742360011,0.6299631010879595,주의
13,충청북도 괴산군,칠성초등학교,0.37487630226910656,-0.7902961483252504,-1.8818784734876524,-0.6249001262617193,-0.7162578289180003,0.6262804415342381,주의
14,충청북도 단양군,가곡초등학교,-0.044610580254902395,-3.505562518072463,-1.632472272074563,-0.6249001262617193,-0.7949175794259298,0.6224665184416497,주의
67,충청북도 옥천군,증약초등학교대정분교장,-0.10859493230449045,-0.06131334079006769,-1.2722188700334345,-0.6249001262617193,-0.827466441705073,0.6211873728030002,주의
91,충청북도 제천시,금성초등학교,0.5948530167746732,0.036756726156858086,-0.3992971650876227,-0.6249001262617193,-0.7677935275266438,0.6172003558113871,주의
245,충청북도 충주시,소태초등학교,0.5579427969825951,0.5481220752372566,-0.08061146328200819,-0.6249001262617193,-0.7922051742360011,0.6151455793780751,주의
3,충청북도 괴산군,목도초등학교,-0.35626350650912664,-0.7130456056464817,-1.8818784734876524,0.4073810140842063,-0.7081206133482144,0.6150232440311847,정상
7,충청북도 괴산군,소수초등학교,-0.03582841428731178,-1.007480615488562,-1.8818784734876524,-0.6249001262617193,-0.7623687171467866,0.6115790417190575,정상
250,충청북도 충주시,연수초등학교,0.44254149453081476,0.014953703153550052,-0.08061146328200819,2.4998427850556775,-0.472141361824426,0.6112289966805718,정상
0,충청북도 괴산군,감물초등학교,-0.3671782767575019,-0.655045871097914,-1.8818784734876524,0.4073810140842063,-0.7026958029683572,0.6096448638164869,정상
5,충청북도 괴산군,백봉초등학교,-0.5694318287317652,-0.013281324102515632,-1.8818784734876524,0.4073810140842063,-0.7325322600575719,0.6077517803964863,정상
84,충청북도 음성군,오선초등학교,0.5384640792459322,0.3098407220997715,-0.21917046406705784,0.09769667198042872,-0.6918461822086428,0.6022745831277811,정상
9,충청북도 괴산군,연풍초등학교,-0.19762917071270117,-0.2539509722929576,-1.8818784734876524,-0.6249001262617193,-0.773218337906501,0.6003001665177967,정상
87,충청북도 음성군,원당초등학교,0.9330405184296893,0.4930051771469302,-0.21917046406705784,-0.6249001262617193,-0.7026958029683572,0.599953227540246,정상
62,충청북도 옥천군,안내초등학교,0.13396012775277177,-0.13865168402578673,-1.2722188700334345,-0.6249001262617193,-0.7542315015770007,0.5953677749138173,정상
88,충청북도 음성군,청룡초등학교,0.7172540891299436,0.865718215119224,-0.21917046406705784,-0.6249001262617193,-0.7298198548676433,0.5944018949487411,정상
251,충청북도 충주시,오석초등학교,0.6037493114234003,-0.10903776046562236,-0.08061146328200819,-0.6249001262617193,-0.7569439067669294,0.5941964105091679,정상
41,충청북도 보은군,회인초등학교,0.24928619417356512,-0.2086938320086603,-1.355354270504464,-0.6249001262617193,-0.7216826392978575,0.5889520261985065,정상
161,충청북도 청주시,미원초등학교금관분교장,0.5914140543641455,2.500767158198368,0.9724369426843679,-0.6249001262617193,-0.8220416313252158,0.5888870527824533,정상
247,충청북도 충주시,수회초등학교,0.5231769401766108,0.44617289273905086,-0.08061146328200819,-0.6249001262617193,-0.7623687171467866,0.588596333744446,정상
238,충청북도 충주시,달천초등학교매현분교장,0.5343272475983764,0.8090810662244042,-0.08061146328200819,-0.6249001262617193,-0.7596563119568579,0.5879000667426115,정상
43,충청북도 영동군,매곡초등학교,-0.04021740227025775,-0.30903563689845215,-1.0089567685418401,-0.6249001262617193,-0.7894927690460726,0.5877493168382779,정상
63,충청북도 옥천군,이원초등학교,0.5252894823105148,0.5821036420765662,-1.2722188700334345,-0.6249001262617193,-0.6728593458791426,0.581298180687353,정상
197,충청북도 청주시,옥포초등학교,0.7706120056012271,1.2020931562819628,0.9724369426843679,-0.6249001262617193,-0.7759307430964295,0.5758076407593135,정상
90,충청북도 음성군,하당초등학교,0.30805390028737745,-0.05856915293598469,-0.21917046406705784,0.09769667198042872,-0.6864213718287856,0.5705567538678616,정상
80,충청북도 음성군,소이초등학교,0.5962897388484046,-0.31452480530997734,-0.21917046406705784,-0.6249001262617193,-0.7162578289180003,0.5697146534527241,정상
53,충청북도 영동군,추풍령초등학교,0.009296261629139017,-0.5787174870962623,-1.0089567685418401,-0.6249001262617193,-0.7542315015770007,0.5672450059044016,정상
45,충청북도 영동군,상촌초등학교,0.07559394220797704,0.29316182295408366,-1.0089567685418401,-0.6249001262617193,-0.7379570704374291,0.5629949042191835,정상
107,충청북도 제천시,제천덕산초등학교,0.38436693944702277,0.269570120379602,-0.3992971650876227,-0.6249001262617193,-0.7216826392978575,0.5573588603604793,정상
11,충청북도 괴산군,청안초등학교,-0.3656843193957671,0.011077853364176195,-1.8818784734876524,-0.6249001262617193,-0.7406694756273577,0.5557219019664714,정상
83,충청북도 음성군,오갑초등학교,-0.24242297331074666,-0.4695622543470893,-0.21917046406705784,0.09769667198042872,-0.7515190963870721,0.5533228224548017,정상
93,충청북도 제천시,남천초등학교,0.16341928243833317,-0.3864074616636936,-0.3992971650876227,1.8884800415370562,-0.4829909825841404,0.5528968124080509,정상
23,충청북도 단양군,상진초등학교,0.44059690849871974,-0.20870104959346822,-1.632472272074563,0.4867872556492776,-0.5046902241035692,0.5519558911531937,정상
166,충청북도 청주시,북이초등학교,0.8584158237402422,-0.2744989863199325,0.9724369426843679,-0.6249001262617193,-0.7298198548676433,0.5517609327644056,정상
92,충청북도 제천시,남당초등학교,0.2623762434284763,0.058310222938826685,-0.3992971650876227,1.8884800415370562,-0.4640041462546402,0.550531520479743,정상
28,충청북도 보은군,내북초등학교,-0.4565552722059669,-0.4257141581079088,-1.355354270504464,-0.6249001262617193,-0.7786431482863582,0.5469714319743383,정상
98,충청북도 제천시,백운초등학교,0.3371819348277752,0.019730672867461243,-0.3992971650876227,-0.6249001262617193,-0.7135454237280717,0.5455937481288304,정상
246,충청북도 충주시,수안보초등학교,0.23270298159365052,0.5808120975528986,-0.08061146328200819,-0.6249001262617193,-0.7488066911971435,0.5435679392522585,정상
119,충청북도 진천군,금구초등학교,0.30146868869547905,1.0447748760854636,1.0555723431553976,0.338562271394478,-0.7081206133482144,0.5415730672084066,정상
42,충청북도 영동군,구룡초등학교,0.14695547157588856,0.18763375222905157,-1.0089567685418401,-0.6249001262617193,-0.6972709925885,0.5410437293566361,정상
249,충청북도 충주시,엄정초등학교,0.44300036182131197,0.305681840587991,-0.08061146328200819,-0.6249001262617193,-0.7108330185381431,0.5403233703853276,정상
248,충청북도 충주시,앙성초등학교,0.2845432296902248,0.23850261622266022,-0.08061146328200819,-0.6249001262617193,-0.7325322600575719,0.5375829456691688,정상
89,충청북도 음성군,평곡초등학교,-0.7214170733242408,-0.5924401770447341,-0.21917046406705784,0.8202934702225767,-0.7271074496777147,0.5353425392805361,정상
77,충청북도 음성군,부윤초등학교,0.4248592792575539,0.7098221141518408,-0.21917046406705784,-0.6249001262617193,-0.6945585873985715,0.5328685671622504,정상
59,충청북도 옥천군,동이초등학교우산분교장,-0.6435271728632093,-0.2231289512524952,-1.2722188700334345,-0.6249001262617193,-0.7949175794259298,0.5325838572265964,정상
243,충청북도 충주시,산척초등학교,0.15704386377255558,0.5572824661059257,-0.08061146328200819,-0.6249001262617193,-0.746094286007215,0.5324545412212807,정상
237,충청북도 충주시,달천초등학교,0.3003074379367118,0.27830756496309045,-0.08061146328200819,-0.6249001262617193,-0.7189702341079289,0.529303131196515,정상
8,충청북도 괴산군,송면초등학교,-0.36807123352176246,-0.092803331326763,-1.8818784734876524,-0.6249001262617193,-0.7026958029683572,0.5269552177771015,정상
96,충청북도 제천시,두학초등학교,0.25136442007972665,-0.007374803969258534,-0.3992971650876227,-0.6249001262617193,-0.6972709925885,0.5230898230043858,정상
191,충청북도 청주시,신송초등학교,0.4888126298879278,0.3134544150428272,0.9724369426843679,-0.6249001262617193,-0.7406694756273577,0.5155457650719137,정상
6,충청북도 괴산군,보광초등학교,0.027837127625512742,0.31790332722327264,-1.8818784734876524,-0.6249001262617193,-0.6240360524604278,0.5154694082338275,정상
254,충청북도 충주시,주덕초등학교,0.30691718573992083,0.2809482712042479,-0.08061146328200819,-0.6249001262617193,-0.6972709925885,0.5138218697933283,정상
112,충청북도 제천시,화당초등학교,0.13450135139461966,0.4738274694357569,-0.3992971650876227,-0.6249001262617193,-0.6972709925885,0.5090662547621729,정상
22,충청북도 단양군,매포초등학교,0.3706395916936628,0.32039102515490303,-1.632472272074563,0.4867872556492776,-0.458579335874783,0.5089778469649971,정상
99,충청북도 제천시,봉양초등학교,0.34176187020074245,0.1564564623035561,-0.3992971650876227,-0.6249001262617193,-0.6620097251194282,0.5074915664171038,정상
124,충청북도 진천군,성암초등학교,0.3840784918902147,0.5528634180743751,1.0555723431553976,-0.6249001262617193,-0.7271074496777147,0.4886493790264043,정상
33,충청북도 보은군,속리초등학교,-0.5211458342591226,-0.07380339648613843,-1.355354270504464,-0.6249001262617193,-0.7108330185381431,0.4883629672167982,정상
190,충청북도 청주시,수성초등학교구성분교장,-0.025011769717190633,0.34322568536600107,0.9724369426843679,-0.6249001262617193,-0.7840679586662154,0.4864356993984428,정상
185,충청북도 청주시,석성초등학교,0.07160053292048242,0.7691688928001689,0.9724369426843679,-0.6249001262617193,-0.7650811223367151,0.4837890484678382,정상
230,충청북도 청주시,현도초등학교,0.04289954988499047,0.26231788013478735,0.9724369426843679,-0.6249001262617193,-0.7623687171467866,0.47831062661113277,정상
199,충청북도 청주시,용담초등학교현양원분교장,-0.16431704069602365,0.10901888074932968,0.9724369426843679,-0.6249001262617193,-0.7949175794259298,0.47785628245076855,정상
123,충청북도 진천군,백곡초등학교,0.1939929364026129,0.30411204051115465,1.0555723431553976,-0.6249001262617193,-0.7379570704374291,0.47397632793767797,정상
176,충청북도 청주시,상봉초등학교,-0.014087385285591376,0.475072108796177,0.9724369426843679,-0.6249001262617193,-0.7650811223367151,0.47350649828310937,정상
75,충청북도 음성군,맹동초등학교,-0.029023314552597133,0.26967313515580676,-0.21917046406705784,0.09769667198042872,-0.6104740265107848,0.4731469790985641,정상
82,충청북도 음성군,쌍봉초등학교,-0.07067464012440591,0.059414293348044364,-0.21917046406705784,-0.6249001262617193,-0.6918461822086428,0.47137019294396876,정상
239,충청북도 충주시,대미초등학교,-0.44338795503024153,-0.4795397776055523,-0.08061146328200819,-0.2343072623470447,-0.7162578289180003,0.46927280926120807,정상
109,충청북도 제천시,청풍초등학교,-0.6829398487601438,-0.2998876382667237,-0.3992971650876227,-0.6249001262617193,-0.7705059327165723,0.46589951583965555,정상
158,충청북도 청주시,문의초등학교,0.5379321253302448,-0.18949905271277354,0.9724369426843679,-0.6249001262617193,-0.6620097251194282,0.4624452916440446,정상
151,충청북도 청주시,대길초등학교,-0.1289691417031344,0.9427714216166128,0.9724369426843679,-0.6249001262617193,-0.7677935275266438,0.46175499140545073,정상
136,충청북도 청주시,갈원초등학교,0.22052146850805665,0.40332204049297105,0.9724369426843679,-0.6249001262617193,-0.7054082081582859,0.4569048751045252,정상
134,충청북도 청주시,가덕초등학교,0.05039007253139771,-0.1172252387140772,0.9724369426843679,-0.6249001262617193,-0.7325322600575719,0.4568321465117907,정상
17,충청북도 단양군,가평초등학교,-1.3058101722879583,-1.2274410553182138,-1.632472272074563,-0.6249001262617193,-0.773218337906501,0.4548481362581114,정상
182,충청북도 청주시,서촌초등학교,0.06862627828925832,0.7844950581774798,0.9724369426843679,-0.6249001262617193,-0.7243950444877861,0.45291757952539463,정상
110,충청북도 제천시,한송초등학교,-1.0906970927052633,-0.7085757826397777,-0.3992971650876227,-0.6249001262617193,-0.8111920105655014,0.44748320495293803,정상
118,충청북도 진천군,구정초등학교,0.3188898461842348,0.34374008293007985,1.0555723431553976,-0.6249001262617193,-0.6782841562589998,0.44420927147765055,정상
55,충청북도 영동군,황간초등학교,0.42271876889831483,-0.19805810247630723,-1.0089567685418401,-0.6249001262617193,-0.5236770604330695,0.4439398759187544,정상
244,충청북도 충주시,세성초등학교,-0.38659979917094417,-0.3962012998340481,-0.08061146328200819,-0.6249001262617193,-0.7135454237280717,0.4428056549587034,정상
86,충청북도 음성군,원남초등학교,-0.20198181882582011,0.16665245468463102,-0.21917046406705784,-0.6249001262617193,-0.670146940689214,0.43933890036022744,정상
126,충청북도 진천군,이월초등학교,0.5308980747693339,0.27876863171746197,1.0555723431553976,0.338562271394478,-0.5345266811927839,0.43890914442069634,정상
255,충청북도 충주시,충주교현초등학교,0.20122956278382206,-0.18703256961398412,-0.08061146328200819,3.6716213767997017,-0.15207754941285087,0.43596599290177335,정상
236,충청북도 충주시,단월초등학교,-0.479186291805971,-0.3981232796813928,-0.08061146328200819,-0.6249001262617193,-0.7162578289180003,0.4337295797349466,정상
235,충청북도 충주시,노은초등학교,-0.4454865442877695,0.8891009844749924,-0.08061146328200819,-0.6249001262617193,-0.7108330185381431,0.43370494165223783,정상
167,충청북도 청주시,북일초등학교,-0.16558345225037666,-0.28220449158004807,0.9724369426843679,-0.6249001262617193,-0.7352446652475005,0.4329496274304243,정상
131,충청북도 진천군,학성초등학교,0.23741477752381684,0.454850406706593,1.0555723431553976,-0.6249001262617193,-0.656584914739571,0.41815783209882884,정상
148,충청북도 청주시,낭성초등학교,-0.015843011856389876,-0.17859126381719373,0.9724369426843679,-0.6249001262617193,-0.6891337770187143,0.41633531410611296,정상
261,충청북도 충주시,충주삼원초등학교,0.2815803486100105,0.09144195030057553,-0.08061146328200819,2.8904356489703518,-0.19547603245170853,0.41566209125371123,정상
241,충청북도 충주시,동량초등학교,-0.6328672272330215,-0.42231263894814786,-0.08061146328200819,-0.6249001262617193,-0.7108330185381431,0.41121925969880757,정상
145,충청북도 청주시,남이초등학교,0.40762303945508493,0.39397896446306296,0.9724369426843679,-0.6249001262617193,-0.6050492161309275,0.4040878195976499,정상
121,충청북도 진천군,문백초등학교,-0.10012850223153069,0.15090385325901756,1.0555723431553976,-0.6249001262617193,-0.6864213718287856,0.40002998134509804,정상
160,충청북도 청주시,미원초등학교,-0.009118892826881022,0.2778799789934521,0.9724369426843679,-0.6249001262617193,-0.6620097251194282,0.39679916946518945,정상
155,충청북도 청주시,동화초등학교,0.1191769249276226,0.468651775916925,0.9724369426843679,-0.6249001262617193,-0.6403104835999994,0.3959202364561583,정상
240,충청북도 충주시,덕신초등학교,-0.238205622796131,0.4032885460966587,-0.08061146328200819,-0.6249001262617193,-0.6267484576503564,0.3955152315653944,정상
229,충청북도 청주시,행정초등학교,-0.49576982246248746,-0.3019621973752163,0.9724369426843679,-0.6249001262617193,-0.7379570704374291,0.3953615668974174,정상
65,충청북도 옥천군,죽향초등학교,0.33224870431557874,0.13741254335075753,-1.2722188700334345,2.4719432947760573,-0.11410387675385043,0.38681415916701356,정상
259,충청북도 충주시,충주대림초등학교,0.2513803795151807,-0.22996045322934497,-0.08061146328200819,2.1092499211410027,-0.23616211030063755,0.3800577951226805,정상
137,충청북도 청주시,강내초등학교,-0.09574604299249587,-0.10689520289215994,0.9724369426843679,-0.6249001262617193,-0.6511601043597138,0.37826669587552997,정상
170,충청북도 청주시,비상초등학교,-0.09327121211927938,-0.0619823095972897,0.9724369426843679,-0.6249001262617193,-0.6484476991697852,0.3765293716878694,정상
232,충청북도 충주시,가흥초등학교,-1.1204012627939808,-0.33100602489411357,-0.08061146328200819,-0.6249001262617193,-0.7406694756273577,0.3750925182484035,정상
159,충청북도 청주시,문의초등학교도원분교장,-0.3094283215701983,0.3957588756939604,0.9724369426843679,-0.6249001262617193,-0.6755717510690712,0.37093355747822365,정상
79,충청북도 음성군,생극초등학교,0.1607603747152816,0.2921466759650061,-0.21917046406705784,-0.6249001262617193,-0.5074026292934979,0.3608097300383726,정상
132,충청북도 진천군,한천초등학교,0.21739205095899647,0.17976509907379618,1.0555723431553976,1.3020246690506752,-0.3527955334675675,0.34206705258203934,정상
122,충청북도 진천군,문상초등학교,0.2911577565911329,0.21421994163406927,1.0555723431553976,-0.6249001262617193,-0.5426638967625697,0.33916622610415575,정상
30,충청북도 보은군,보은삼산초등학교,-0.205320823125836,0.08700825687161733,-1.355354270504464,2.2654870667068727,-0.13851552346320786,0.3282548226840786,정상
78,충청북도 음성군,삼성초등학교,0.21501416209526902,-0.002098710536075394,-0.21917046406705784,-0.6249001262617193,-0.44501730992514,0.3205311949977026,정상
116,충청북도 증평군,죽리초등학교,-0.16420474180269753,1.8395474248620363,1.1248518435479222,-0.6249001262617193,-0.5914871901812846,0.3176762213413061,정상
81,충청북도 음성군,수봉초등학교,0.4530145604277176,0.18582667628129657,-0.21917046406705784,0.8202934702225767,-0.24429932587042338,0.31416824247530273,정상
252,충청북도 충주시,용원초등학교,-1.596228589231081,-0.411251427041563,-0.08061146328200819,-0.6249001262617193,-0.7325322600575719,0.31189032739861206,정상
100,충청북도 제천시,송학초등학교,-1.5171509706372395,-0.22837860834491314,-0.3992971650876227,-0.6249001262617193,-0.6945585873985715,0.3088336722259035,정상
234,충청북도 충주시,금가초등학교,-0.18241536019149573,0.3446195931319935,-0.08061146328200819,-0.2343072623470447,-0.458579335874783,0.3073306508594446,정상
2,충청북도 괴산군,동인초등학교,0.3419772092653064,-0.0959850720131306,-1.8818784734876524,1.4396621544301318,-0.06799298852506418,0.30129890253442804,정상
94,충청북도 제천시,내토초등학교,0.5420931499239655,0.21283522394911858,-0.3992971650876227,0.6317899576376684,-0.20903805840135153,0.2923377766572841,정상
104,충청북도 제천시,용두초등학교,0.1970312732512407,0.04601086155738201,-0.3992971650876227,0.6317899576376684,-0.23616211030063755,0.27127339038102166,정상
102,충청북도 제천시,신백초등학교,0.3751523183370888,-0.02729101419002818,-0.3992971650876227,1.2601349995873623,-0.13309071308335066,0.2656119712343338,정상
130,충청북도 진천군,초평초등학교,-0.8238687555942408,0.09319132341652725,1.0555723431553976,-0.6249001262617193,-0.615898836890642,0.2602892497379652,정상
113,충청북도 제천시,화산초등학교,0.15967752871100796,0.09140716504053296,-0.3992971650876227,1.2601349995873623,-0.11410387675385043,0.2255148692320789,정상
108,충청북도 제천시,제천중앙초등학교,0.24982648871837523,0.0836808154525068,-0.3992971650876227,0.6317899576376684,-0.14936514422292227,0.21251109167879134,정상
203,충청북도 청주시,우암초등학교,0.32937115560112895,0.04496321415762539,0.9724369426843679,-0.47892097510168935,-0.33380869713806727,0.2029455363833324,정상
265,충청북도 충주시,충주중앙초등학교,0.010085159096208772,0.1426467458102452,-0.08061146328200819,2.4998427850556775,0.0079543567929367,0.19926244746539715,정상
114,충청북도 증평군,도안초등학교,-1.067362521364732,-0.11374139106258772,1.1248518435479222,-0.6249001262617193,-0.5480887071424269,0.1767484255147187,정상
181,충청북도 청주시,서원초등학교,0.10946684699413915,-0.4476692360129055,0.9724369426843679,-0.33294182394165944,-0.28227299852942384,0.1495835774868134,정상
29,충청북도 보은군,동광초등학교,0.2420701190961052,-0.0352097684576993,-1.355354270504464,2.2654870667068727,0.17341107337858147,0.14799678811936956,정상
71,충청북도 음성군,남신초등학교,0.1562420193319632,0.16641059356477897,-0.21917046406705784,1.5428902684647245,0.0079543567929367,0.14717301940566394,정상
70,충청북도 음성군,감곡초등학교,-0.20410043660954993,0.0726530286533185,-0.21917046406705784,0.09769667198042872,-0.19005122207185132,0.13682062112252968,정상
267,충청북도 충주시,칠금초등학교,0.49898231117488046,0.2509298214979866,-0.08061146328200819,2.8904356489703518,0.21138474603758192,0.13660474289452781,정상
51,충청북도 영동군,이수초등학교,0.18951552298154659,-0.06681945525480944,-1.0089567685418401,1.4396621544301318,0.07033967616129456,0.1356079164183172,정상
195,충청북도 청주시,오창초등학교,-0.2814730687275082,-0.2907147510327403,0.9724369426843679,-0.6249001262617193,-0.33380869713806727,0.11796589737109356,정상
146,충청북도 청주시,남일초등학교,0.3108421110936582,0.4480376975623925,0.9724369426843679,-0.6249001262617193,-0.22260008435099454,0.10563725935932895,정상
18,충청북도 단양군,단양초등학교,-0.12512920499329624,-0.1705691635986348,-1.632472272074563,0.4867872556492776,0.021516382742579714,0.08941380239954003,정상
228,충청북도 청주시,한솔초등학교,0.27988007594060577,0.22579291452327893,0.9724369426843679,-0.47892097510168935,-0.17648919612220829,0.07901698106217536,정상
198,충청북도 청주시,용담초등학교,0.5373480854005548,0.14651872453572612,0.9724369426843679,-0.6249001262617193,-0.14122792865313646,0.07178885950276298,정상
194,충청북도 청주시,오송초등학교,-0.6307921984961509,-0.8272732626758709,0.9724369426843679,-0.6249001262617193,-0.32567148156828146,0.06994469012151705,정상
64,충청북도 옥천군,장야초등학교,0.2845686378491824,-0.19780073619591823,-1.2722188700334345,3.504224435121983,0.42837716123187014,0.056814263929429676,정상
231,충청북도 청주시,흥덕초등학교,0.6248086454827482,0.35127066617483954,0.9724369426843679,-0.6249001262617193,-0.09511704042435021,0.04770096054103649,정상
209,충청북도 청주시,주성초등학교,-0.3574943579695959,-0.26157694411736665,0.9724369426843679,-0.6249001262617193,-0.24701173106035199,0.043745618103756545,정상
222,충청북도 청주시,청주내덕초등학교,-0.2673587456293585,-0.07783830076290033,0.9724369426843679,-0.47892097510168935,-0.21446286878120874,0.041828576968029996,정상
103,충청북도 제천시,왕미초등학교,-0.2222691444908137,0.12345038507056177,-0.3992971650876227,-0.6249001262617193,-0.13037830789342206,0.04108428173461248,정상
260,충청북도 충주시,충주대소원초등학교,-0.62325967512728,-0.5845835289803094,-0.08061146328200819,-0.6249001262617193,-0.1792016013121369,0.013648603031991918,정상
227,충청북도 청주시,한벌초등학교,0.4350437570100388,0.46503756804601687,0.9724369426843679,-0.47892097510168935,-0.05714336776534977,0.008127251522863428,정상
10,충청북도 괴산군,장연초등학교,-4.990165260283052,-0.03691016465671849,-1.8818784734876524,-0.6249001262617193,-0.7406694756273577,0.0007841890599972201,정상
171,충청북도 청주시,사직초등학교,-0.04471735598274648,0.10357322286361759,0.9724369426843679,-0.33294182394165944,-0.0815550144747072,-0.019457014911450327,정상
76,충청북도 음성군,무극초등학교,0.14706643510852654,-0.10790703881119372,-0.21917046406705784,0.09769667198042872,0.11373815920015222,-0.048881390225303786,정상
149,충청북도 청주시,내수초등학교,0.2708149276673303,0.1546626511680213,0.9724369426843679,-0.6249001262617193,-0.0001828587768491089,-0.06597892183243947,정상
184,충청북도 청주시,석교초등학교,-0.7228167479914115,-1.2756497175703996,0.9724369426843679,-0.6249001262617193,-0.14394033384306507,-0.07739661661182651,정상
133,충청북도 청주시,가경초등학교,-0.6611733075508511,-0.9584003767893781,0.9724369426843679,-0.04098352162159966,-0.06256817814520697,-0.08431519216114329,정상
218,충청북도 청주시,청남초등학교,0.4684221433053485,0.017231809794658503,0.9724369426843679,-0.6249001262617193,0.07033967616129456,-0.09515795715948505,정상
196,충청북도 청주시,옥산초등학교,0.2861521464583531,-0.3120690238012062,0.9724369426843679,-0.6249001262617193,0.04321562426200854,-0.09668731785665999,정상
242,충청북도 충주시,목행초등학교,0.3341564610462714,0.17589409596737954,-0.08061146328200819,-0.2343072623470447,0.18968550451815308,-0.1168793608867254,정상
152,충청북도 청주시,덕벌초등학교,-0.14315869948929763,-0.19903423533228962,0.9724369426843679,-0.47892097510168935,0.1056009436303664,-0.18331527680384405,정상
175,충청북도 청주시,상당초등학교,0.7665051239313416,0.30447293653813734,0.9724369426843679,-0.47892097510168935,0.2574956342663682,-0.18807663597036872,정상
85,충청북도 음성군,용천초등학교,0.4159177537861591,0.18680717958367132,-0.21917046406705784,0.8202934702225767,0.42295235085201294,-0.19072213186351156,정상
105,충청북도 제천시,의림초등학교,0.43533175494846377,-0.0006222723269372241,-0.3992971650876227,1.2601349995873623,0.5097493169297282,-0.20929651888211043,정상
153,충청북도 청주시,덕성초등학교,0.1662673860970112,-0.34451206927784284,0.9724369426843679,-0.33294182394165944,0.23037158236708213,-0.22808379349322142,정상
262,충청북도 충주시,충주성남초등학교,0.3697235156909947,-0.048148466887518275,-0.08061146328200819,2.1092499211410027,0.6562191971858728,-0.2750270091511046,정상
220,충청북도 청주시,청주교육대학교부설초등학교,0.09595071438600525,0.0037883985839812224,0.9724369426843679,-0.47892097510168935,0.2710576602160112,-0.27871468457804127,정상
157,충청북도 청주시,모충초등학교,-0.40831254869244676,-0.6290663619831275,0.9724369426843679,-0.47892097510168935,0.21138474603758192,-0.2944715905136336,정상
141,충청북도 청주시,경산초등학교,0.12621088954557788,0.2987885278791937,0.9724369426843679,-0.04098352162159966,0.3659918418635123,-0.31124910351611124,정상
168,충청북도 청주시,분평초등학교,0.18345054888810072,0.30436736993878344,0.9724369426843679,-0.33294182394165944,0.3985407041426555,-0.35214865528997075,정상
140,충청북도 청주시,경덕초등학교,0.547971812817651,0.7839023603832135,0.9724369426843679,-0.04098352162159966,0.49347488579015664,-0.3562500756684457,정상
192,충청북도 청주시,양청초등학교,0.3882081020840527,0.2402675464248388,0.9724369426843679,-0.6249001262617193,0.41210273009229853,-0.3611059325542935,정상
225,충청북도 청주시,풍광초등학교,-4.202836749575441e-05,-0.01741274304727102,0.9724369426843679,-0.1869626727816296,0.3985407041426555,-0.36248943246783993,정상
165,충청북도 청주시,봉정초등학교,0.44881514274287715,0.19131170676203857,0.9724369426843679,-0.47892097510168935,0.44465159237144175,-0.3665664022917896,정상
226,충청북도 청주시,한국교원대학교부설월곡초등학교,0.23810131875802054,0.002283466322530204,0.9724369426843679,-0.6249001262617193,0.43108956642179874,-0.3933588738005425,정상
207,충청북도 청주시,원평초등학교,0.3386946637099191,0.1290863905637816,0.9724369426843679,-0.1869626727816296,0.49889969617001384,-0.39711027343906885,정상
205,충청북도 청주시,운천초등학교,-0.04428758454347946,-0.23385510956164743,0.9724369426843679,-0.47892097510168935,0.42837716123187014,-0.4135329062114737,정상
49,충청북도 영동군,영동초등학교,-0.025149608192697712,-0.08508222164676513,-1.0089567685418401,1.4396621544301318,0.7782774307326599,-0.4211052152511161,정상
115,충청북도 증평군,삼보초등학교,0.12131810083830664,0.10866685306914822,1.1248518435479222,2.9880838649490205,0.8759240175700896,-0.45958072405844486,정상
206,충청북도 청주시,원봉초등학교,0.3482753241737711,-0.05022730058012581,0.9724369426843679,-0.33294182394165944,0.5748470414880147,-0.46459943526470965,정상
188,충청북도 청주시,수곡초등학교,-0.15993112358559938,-0.3871259177312516,0.9724369426843679,-0.47892097510168935,0.47991285984051363,-0.4660619048530107,정상
177,충청북도 청주시,새터초등학교,0.2910227252420762,0.11664050286213448,0.9724369426843679,-0.6249001262617193,0.5368733688290143,-0.4663461568278675,정상
164,충청북도 청주시,봉명초등학교,-0.24589077552582891,0.3373009364956523,0.9724369426843679,-0.6249001262617193,0.46635083389087056,-0.47788387571640834,정상
256,충청북도 충주시,충주금릉초등학교,0.058288751289160785,0.10624647998199618,-0.08061146328200819,2.1092499211410027,0.9274597161787331,-0.5158295701239699,정상
264,충청북도 충주시,충주용산초등학교,0.29586783246389275,-0.11269569417865227,-0.08061146328200819,0.9374713293969791,0.8406627501010178,-0.5159646431642375,정상
202,충청북도 청주시,용암초등학교,0.5629792765653481,-0.0012181997403115088,0.9724369426843679,-0.33294182394165944,0.7050424906045877,-0.5364815478151501,정상
223,충청북도 청주시,청주대성초등학교,-0.2196717627782427,0.15234578078099612,0.9724369426843679,-0.33294182394165944,0.6019710933873007,-0.5530961246234158,정상
208,충청북도 청주시,율량초등학교,0.13004934634479248,-0.08377277854287657,0.9724369426843679,-0.33294182394165944,0.675206033515373,-0.5660557966247058,정상
211,충청북도 청주시,죽림초등학교,0.39087043265600346,0.35549853696107886,0.9724369426843679,-0.47892097510168935,0.7050424906045877,-0.5688129411770738,정상
163,충청북도 청주시,봉덕초등학교,0.18730363295436736,0.02308396596798453,0.9724369426843679,-0.47892097510168935,0.7484409736434453,-0.6257898194204135,정상
189,충청북도 청주시,수성초등학교,0.21093874336999058,0.30751131444863206,0.9724369426843679,-0.6249001262617193,0.7565781892132311,-0.6407348499406804,정상
111,충청북도 제천시,홍광초등학교,-0.09907288245555437,-0.05571114870644987,-0.3992971650876227,0.6317899576376684,0.9518713628880905,-0.6552842131953398,정상
268,충청북도 충주시,탄금초등학교,0.2560460108707598,-0.031131961194300402,-0.08061146328200819,2.4998427850556775,1.193275424791736,-0.6602130513207564,정상
144,충청북도 청주시,남성초등학교,0.22018456294695032,-0.10623752992214346,0.9724369426843679,-0.47892097510168935,0.8623619916204466,-0.7072848713040545,정상
60,충청북도 옥천군,삼양초등학교,-0.02360967878850325,0.028440525169284043,-1.2722188700334345,2.4719432947760573,1.296346822009023,-0.7137268708776313,정상
120,충청북도 진천군,만승초등학교,0.08379744059512967,-0.03420916051423793,1.0555723431553976,-0.6249001262617193,0.832525534531232,-0.7171090852857158,정상
180,충청북도 청주시,서경초등학교,0.3088639045323316,0.4269634283660616,0.9724369426843679,-0.04098352162159966,0.9681457940276621,-0.7409462058408132,정상
215,충청북도 청주시,진흥초등학교,0.3711893333549772,0.1536669585806562,0.9724369426843679,-0.1869626727816296,1.0006946563068053,-0.7695571331842554,정상
186,충청북도 청주시,성화초등학교,0.5245749732919135,0.19015684977528136,0.9724369426843679,-0.33294182394165944,1.0142566822564483,-0.7730007079468577,정상
214,충청북도 청주시,직지초등학교,0.0644919966794506,0.019494271517493864,0.9724369426843679,-0.47892097510168935,0.9600085784578763,-0.7992029193842267,정상
73,충청북도 음성군,대소초등학교,-0.021355294203491307,0.01949461101443641,-0.21917046406705784,-0.6249001262617193,1.0196814926363056,-0.8063572416792328,정상
95,충청북도 제천시,동명초등학교,-0.10808818288223057,0.0005561972674142343,-0.3992971650876227,0.6317899576376684,1.1553017521327358,-0.8089388411800249,정상
128,충청북도 진천군,진천상산초등학교,0.23998292331297844,0.005314736473604072,1.0555723431553976,0.338562271394478,1.1797133988420931,-0.881680733780224,정상
127,충청북도 진천군,진천삼수초등학교,0.0408052927293998,-0.0800350717798828,1.0555723431553976,0.338562271394478,1.1987002351715934,-0.9198221766973788,정상
200,충청북도 청주시,용성초등학교,0.8581854328456888,0.15077005847801564,0.9724369426843679,-0.47892097510168935,1.250235933780237,-0.9216302235360485,정상
213,충청북도 청주시,증안초등학교,0.29193632196456304,0.09371605265970051,0.9724369426843679,-0.47892097510168935,1.2068374507413793,-0.9570312545626404,정상
257,충청북도 충주시,충주남산초등학교,0.2514433206222398,-0.29080052241213783,-0.08061146328200819,1.3280641933116537,1.4726531593543823,-0.9640409624120853,정상
147,충청북도 청주시,남평초등학교,0.3187884043334838,-0.08357686821370362,0.9724369426843679,-0.04098352162159966,1.269222770109737,-0.965562997926231,정상
172,충청북도 청주시,사천초등학교,-0.043346797686126586,0.12591037552076512,0.9724369426843679,-0.47892097510168935,1.1688637780823787,-0.9687849744264727,정상
169,충청북도 청주시,비봉초등학교,0.35505768895286616,0.0302757066090495,0.9724369426843679,-0.6249001262617193,1.2475235285903081,-0.9916495810035431,정상
178,충청북도 청주시,샛별초등학교,0.2975614826478312,0.0003499403884975752,0.9724369426843679,-0.6249001262617193,1.2583731493500225,-1.006686341329933,정상
219,충청북도 청주시,청원초등학교,0.3573282822457336,0.16269594387028005,0.9724369426843679,-0.33294182394165944,1.3885685984665956,-1.0738042480300098,정상
173,충청북도 청주시,산남초등학교,0.17478814513913318,-0.209567826704802,0.9724369426843679,-0.47892097510168935,1.3668693569471668,-1.0911129654360328,정상
97,충청북도 제천시,명지초등학교,-0.1979316159841028,0.053883012562508464,-0.3992971650876227,0.0034449156879745825,1.4699407541644536,-1.1059669080320134,정상
139,충청북도 청주시,개신초등학교,0.3891410825033032,0.05498711721734495,0.9724369426843679,-0.1869626727816296,1.4590911334047392,-1.1112002811099069,정상
224,충청북도 청주시,청주소로초등학교,-0.6848649793592574,0.3489862181142926,0.9724369426843679,-0.6249001262617193,1.296346822009023,-1.153057771265034,정상
74,충청북도 음성군,동성초등학교,-0.23053189951669825,-0.0721797024003954,-0.21917046406705784,0.09769667198042872,1.570299746191812,-1.1866143806240756,정상
142,충청북도 청주시,교동초등학교,-0.16527303037965005,-0.18394004855707413,0.9724369426843679,-0.33294182394165944,1.461803538594668,-1.19144261064111,정상
106,충청북도 제천시,장락초등학교,0.06395456666411502,-0.02803093918899273,-0.3992971650876227,0.6317899576376684,1.741181273157314,-1.227703352002897,정상
179,충청북도 청주시,생명초등학교,-1.0189228799987335,-0.211947745675935,0.9724369426843679,-0.47892097510168935,1.358732141377381,-1.2282553767752373,정상
138,충청북도 청주시,강서초등학교,-0.10907445817709736,0.07963165569337026,0.9724369426843679,-0.6249001262617193,1.5133392372033112,-1.246707220118891,정상
210,충청북도 청주시,주중초등학교,0.1494918588814551,0.041064422745912196,0.9724369426843679,-0.47892097510168935,1.5892865825213123,-1.2609614389675632,정상
143,충청북도 청주시,금천초등학교,-0.0641927841595588,-0.1092174361858519,0.9724369426843679,-0.47892097510168935,1.6760835485990275,-1.351701320690771,정상
233,충청북도 충주시,국원초등학교,0.034433248740281364,-0.04708920128054826,-0.08061146328200819,2.4998427850556775,2.172453698355962,-1.421190287949583,정상
266,충청북도 충주시,충주중앙탑초등학교,-0.417316408256933,-0.26688704708410305,-0.08061146328200819,-0.6249001262617193,1.8523898859443866,-1.485331820385959,정상
154,충청북도 청주시,동주초등학교,0.04884763111926745,-0.16377152495500413,0.9724369426843679,-0.33294182394165944,1.9907225506307453,-1.562437390288298,정상
162,충청북도 청주시,복대초등학교,-10.139816152251871,-13.822223448756294,0.9724369426843679,-0.47892097510168935,0.3551422211037979,-1.5700701292404264,정상
258,충청북도 충주시,충주남한강초등학교,-0.594934801828726,-0.2766619260155646,-0.08061146328200819,0.9374713293969791,2.115493189367461,-1.5789837887291842,정상
117,충청북도 증평군,증평초등학교,0.09315012861013591,-0.0723705054463991,1.1248518435479222,2.9880838649490205,2.3650344668408927,-1.5797937176789276,정상
129,충청북도 진천군,진천상신초등학교,-0.7964090276800334,-0.07561757530562858,1.0555723431553976,1.3020246690506752,2.0585326803789603,-1.5880852372395402,정상
183,충청북도 청주시,서현초등학교,-0.02214496153445694,-0.15037247169989382,0.9724369426843679,-0.33294182394165944,2.0856567322782467,-1.642157137642371,정상
204,충청북도 청주시,운동초등학교,-8.852437677549615,-2.3110619137116584,0.9724369426843679,-0.33294182394165944,0.8650743968103752,-1.7863555119632863,정상
150,충청북도 청주시,단재초등학교,-0.5213705826335677,-0.02692628697827294,0.9724369426843679,-0.6249001262617193,2.2646754748135343,-1.8596849332613345,정상
156,충청북도 청주시,만수초등학교,0.07576013938799862,0.011765229657654296,0.9724369426843679,-0.6249001262617193,2.5087919419071087,-1.9711165969389275,정상
217,충청북도 청주시,창신초등학교,0.22876450106722265,0.2693906655952261,0.9724369426843679,-0.6249001262617193,2.565752450895609,-1.9954764552787962,정상
125,충청북도 진천군,옥동초등학교,-0.2615706965351811,-0.24642332570517972,1.0555723431553976,1.3020246690506752,2.8614046165978273,-2.1260585896663082,정상
201,충청북도 청주시,용아초등학교,-1.5441218713069902,-1.022838096926502,0.9724369426843679,-0.47892097510168935,2.5793144768452523,-2.2067160073331316,정상
221,충청북도 청주시,청주내곡초등학교,-0.6385113677010407,0.082067632817765,0.9724369426843679,-0.6249001262617193,2.7854572712798262,-2.2643281748191506,정상
135,충청북도 청주시,각리초등학교,0.2813205399911279,0.07303202755901284,0.9724369426843679,-0.47892097510168935,3.0648350058424723,-2.3518033147252724,정상
174,충청북도 청주시,산성초등학교,0.018630700589057716,-0.046731282728928576,0.9724369426843679,-0.47892097510168935,3.0458481695129724,-2.369085968206396,정상
216,충청북도 청주시,창리초등학교,-0.5452877209493521,0.3541870617131262,0.9724369426843679,-0.6249001262617193,2.9644760138151143,-2.387405394110414,정상
212,충청북도 청주시,중앙초등학교,0.05479349944501409,0.000743593475004759,0.9724369426843679,-0.6249001262617193,3.6615641476267653,-2.838211748021828,정상
187,충청북도 청주시,솔밭초등학교,-0.09619797310958308,-0.13861758940188473,0.9724369426843679,-0.6249001262617193,4.1606467025736285,-3.230642640938527,정상
